Workbook

Sheet Inputs
A1: Cost model inputs — edit BLUE cells only. Yellow = key assumption. Red = UNVERIFIED, must be confirmed before quoting.
A2: All prices USD, Azure East US, Linux pay-as-you-go, as published by third-party trackers on/around 2026-09-06 (approx). Re-check on Azure pricing calculator before delivery.
A4: SKU | B4: GPUs | C4: GPU memory (GB) | D4: VM $/hr (PAYG) | E4: Source / note
A5: Standard_NC4as_T4_v3 | B5: 1 | C5: 16 | D5: 0.526 | E5: 1x T4 — thundercompute.com Azure GPU guide, reviewed 1 Sep 2026 (approx)
A6: Standard_NC24ads_A100_v4 | B6: 1 | C6: 80 | D6: 3.673 | E6: 1x A100 80GB — azurespeed / vantage / holori agree, Jul–Sep 2026
A7: Standard_NC48ads_A100_v4 | B7: 2 | C7: 160 | D7: 7.35 | E7: 2x A100 — vantage.sh, approx
A8: Standard_NC96ads_A100_v4 | B8: 4 | C8: 320 | D8: 14.69 | E8: 4x A100 — thundercompute.com, approx
A9: Standard_NC40ads_H100_v5 | B9: 1 | C9: 94 | D9: 6.98 | E9: 1x H100 NVL — thundercompute.com, approx
A11: Assumption | B11: Value | C11: Note
A12: DBU rate — All-Purpose compute, Premium ($/DBU) | B12: 0.55 | C12: Multiple 2026 pricing guides agree ≈$0.55; confirm on Azure Databricks pricing page
A13: DBU rate — Jobs compute, Premium ($/DBU) | B13: 0.15 | C13: ≈$0.15 per several 2026 guides; confirm
A14: DBUs consumed per hour by the GPU VM (single node) | B14: 6 | C14: UNVERIFIED PLACEHOLDER — not published in any source consulted. Read from databricks.com instance-types page or system.billing.usage after a 10-minute test run. See Sensitivity sheet.
A15: Cluster-running overhead factor (cluster up ÷ lab GPU-hours) | B15: 1.6 | C15: Cluster runs during instruction, debugging and idle gaps; 1.6× is a trainer estimate — measure on cohort 1
A16: Participants sharing one single-node GPU cluster | B16: 1 | C16: 1 = one cluster per person. Set 2–3 if participants pair on a cluster (halves/thirds VM+DBU cost)
A17: Cohort size (people) | B17: 12 | C17: For the cohort total on Summary
A18: Storage + networking allowance per person ($) | B18: 5 | C18: Trainer allowance: Unity Catalog volume, model downloads, egress; small relative to GPU time
A19: Azure ML alternative — compute-instance only (no DBU): apply same VM $/hr | B19: 1 | C19: 1 = yes. Azure ML compute instances bill VM only (no DBU); managed endpoints bill VM-hours too

Sheet Lab Costs
A1: Per-person cost by lab — every number is a formula from Inputs
A2: VM cost = GPU-hours × overhead × VM $/hr ÷ sharing. DBU cost = GPU-hours × overhead × DBU/hr × DBU rate ÷ sharing. Azure ML column = VM cost only.
A4: Lab | B4: Title | C4: Platform | D4: SKU | E4: Lab hours | F4: GPU-hours (lab) | G4: VM $/hr | H4: Cluster hours (×overhead) | I4: VM cost ($) | J4: DBU cost ($) | K4: Databricks total ($) | L4: Azure ML VM-only ($)
A5: L01 | B5: Platform baseline & GPU sizing | C5: Both | D5: Standard_NC24ads_A100_v4 | E5: 1.5 | F5: 0.75 | G5: =INDEX(Inputs!$D$5:$D$9,MATCH(D5,Inputs!$A$5:$A$9,0)) -> 3.673 | H5: =F5*Inputs!$B$15 -> 1.2 | I5: =H5*G5/Inputs!$B$16 -> 4.4076 | J5: =H5*Inputs!$B$14*Inputs!$B$12/Inputs!$B$16 -> 3.96 | K5: =I5+J5 -> 8.3676 | L5: =I5*Inputs!$B$19 -> 4.4076
A6: L02 | B6: Shipping formats: safetensors, AWQ/GPTQ, GGUF, ONNX | C6: Databricks | D6: Standard_NC24ads_A100_v4 | E6: 2 | F6: 1.25 | G6: =INDEX(Inputs!$D$5:$D$9,MATCH(D6,Inputs!$A$5:$A$9,0)) -> 3.673 | H6: =F6*Inputs!$B$15 -> 2 | I6: =H6*G6/Inputs!$B$16 -> 7.346 | J6: =H6*Inputs!$B$14*Inputs!$B$12/Inputs!$B$16 -> 6.6 | K6: =I6+J6 -> 13.946 | L6: =I6*Inputs!$B$19 -> 7.346
A7: L03 | B7: Serving bake-off: vLLM vs TensorRT-LLM vs SGLang | C7: Both | D7: Standard_NC24ads_A100_v4 | E7: 2.5 | F7: 2 | G7: =INDEX(Inputs!$D$5:$D$9,MATCH(D7,Inputs!$A$5:$A$9,0)) -> 3.673 | H7: =F7*Inputs!$B$15 -> 3.2 | I7: =H7*G7/Inputs!$B$16 -> 11.7536 | J7: =H7*Inputs!$B$14*Inputs!$B$12/Inputs!$B$16 -> 10.56 | K7: =I7+J7 -> 22.3136 | L7: =I7*Inputs!$B$19 -> 11.7536
A8: L04 | B8: Embeddings, vector retrieval & recall evaluation | C8: Databricks | D8: Standard_NC4as_T4_v3 | E8: 2 | F8: 1 | G8: =INDEX(Inputs!$D$5:$D$9,MATCH(D8,Inputs!$A$5:$A$9,0)) -> 0.526 | H8: =F8*Inputs!$B$15 -> 1.6 | I8: =H8*G8/Inputs!$B$16 -> 0.8416 | J8: =H8*Inputs!$B$14*Inputs!$B$12/Inputs!$B$16 -> 5.28 | K8: =I8+J8 -> 6.1216 | L8: =I8*Inputs!$B$19 -> 0.8416
A9: L05 | B9: GPU kernel optimisation: FlashAttention & a fused kernel | C9: Databricks | D9: Standard_NC24ads_A100_v4 | E9: 2.5 | F9: 1.5 | G9: =INDEX(Inputs!$D$5:$D$9,MATCH(D9,Inputs!$A$5:$A$9,0)) -> 3.673 | H9: =F9*Inputs!$B$15 -> 2.4 | I9: =H9*G9/Inputs!$B$16 -> 8.8152 | J9: =H9*Inputs!$B$14*Inputs!$B$12/Inputs!$B$16 -> 7.92 | K9: =I9+J9 -> 16.7352 | L9: =I9*Inputs!$B$19 -> 8.8152
A10: L06 | B10: Mixture-of-Experts serving | C10: Databricks | D10: Standard_NC24ads_A100_v4 | E10: 2 | F10: 1.5 | G10: =INDEX(Inputs!$D$5:$D$9,MATCH(D10,Inputs!$A$5:$A$9,0)) -> 3.673 | H10: =F10*Inputs!$B$15 -> 2.4 | I10: =H10*G10/Inputs!$B$16 -> 8.8152 | J10: =H10*Inputs!$B$14*Inputs!$B$12/Inputs!$B$16 -> 7.92 | K10: =I10+J10 -> 16.7352 | L10: =I10*Inputs!$B$19 -> 8.8152
A11: L07 | B11: Stand up Gemma end-to-end: LoRA fine-tune, MLflow, Unity Catalog, serve | C11: Databricks | D11: Standard_NC24ads_A100_v4 | E11: 3 | F11: 2.5 | G11: =INDEX(Inputs!$D$5:$D$9,MATCH(D11,Inputs!$A$5:$A$9,0)) -> 3.673 | H11: =F11*Inputs!$B$15 -> 4 | I11: =H11*G11/Inputs!$B$16 -> 14.692 | J11: =H11*Inputs!$B$14*Inputs!$B$12/Inputs!$B$16 -> 13.2 | K11: =I11+J11 -> 27.892 | L11: =I11*Inputs!$B$19 -> 14.692
A12: L08 | B12: Encoder classifiers at catalog scale (RoBERTa-class → ONNX → Spark) | C12: Databricks | D12: Standard_NC4as_T4_v3 | E12: 3 | F12: 1.5 | G12: =INDEX(Inputs!$D$5:$D$9,MATCH(D12,Inputs!$A$5:$A$9,0)) -> 0.526 | H12: =F12*Inputs!$B$15 -> 2.4 | I12: =H12*G12/Inputs!$B$16 -> 1.2624 | J12: =H12*Inputs!$B$14*Inputs!$B$12/Inputs!$B$16 -> 7.92 | K12: =I12+J12 -> 9.1824 | L12: =I12*Inputs!$B$19 -> 1.2624
A13: L09 | B13: Evaluation harness & CI/CD gating (with allergen zero-tolerance check) | C13: Azure ML | D13: Standard_NC4as_T4_v3 | E13: 2 | F13: 0.5 | G13: =INDEX(Inputs!$D$5:$D$9,MATCH(D13,Inputs!$A$5:$A$9,0)) -> 0.526 | H13: =F13*Inputs!$B$15 -> 0.8 | I13: =H13*G13/Inputs!$B$16 -> 0.4208 | J13: =H13*Inputs!$B$14*Inputs!$B$12/Inputs!$B$16 -> 2.64 | K13: =I13+J13 -> 3.0608 | L13: =I13*Inputs!$B$19 -> 0.4208
A14: L10 | B14: Monitoring, drift & injected-fault alerting | C14: Both | D14: Standard_NC4as_T4_v3 | E14: 2 | F14: 0.5 | G14: =INDEX(Inputs!$D$5:$D$9,MATCH(D14,Inputs!$A$5:$A$9,0)) -> 0.526 | H14: =F14*Inputs!$B$15 -> 0.8 | I14: =H14*G14/Inputs!$B$16 -> 0.4208 | J14: =H14*Inputs!$B$14*Inputs!$B$12/Inputs!$B$16 -> 2.64 | K14: =I14+J14 -> 3.0608 | L14: =I14*Inputs!$B$19 -> 0.4208
A15: L11 | B15: Distributed serving: tensor parallel & autoscaling on Ray | C15: Databricks | D15: Standard_NC96ads_A100_v4 | E15: 2.5 | F15: 1.5 | G15: =INDEX(Inputs!$D$5:$D$9,MATCH(D15,Inputs!$A$5:$A$9,0)) -> 14.69 | H15: =F15*Inputs!$B$15 -> 2.4 | I15: =H15*G15/Inputs!$B$16 -> 35.256 | J15: =H15*Inputs!$B$14*Inputs!$B$12/Inputs!$B$16 -> 7.92 | K15: =I15+J15 -> 43.176 | L15: =I15*Inputs!$B$19 -> 35.256
A16: L12 | B16: A/B testing & multi-armed bandits for rankers | C16: Databricks | D16: Standard_NC4as_T4_v3 | E16: 1.5 | F16: 0 | G16: =INDEX(Inputs!$D$5:$D$9,MATCH(D16,Inputs!$A$5:$A$9,0)) -> 0.526 | H16: =F16*Inputs!$B$15 -> 0 | I16: =H16*G16/Inputs!$B$16 -> 0 | J16: =H16*Inputs!$B$14*Inputs!$B$12/Inputs!$B$16 -> 0 | K16: =I16+J16 -> 0 | L16: =I16*Inputs!$B$19 -> 0
... A21: L17 | B21: Token economics, model routing and capacity planning | C21: Both | D21: Standard_NC4as_T4_v3 | E21: 1.5 | F21: 0 | G21: =INDEX(Inputs!$D$5:$D$9,MATCH(D21,Inputs!$A$5:$A$9,0)) -> 0.526 | H21: =F21*Inputs!$B$15 -> 0 | I21: =H21*G21/Inputs!$B$16 -> 0 | J21: =H21*Inputs!$B$14*Inputs!$B$12/Inputs!$B$16 -> 0 | K21: =I21+J21 -> 0 | L21: =I21*Inputs!$B$19 -> 0
A22: TOTAL | E22: =SUM(E5:E21) -> 36.5 | F22: =SUM(F5:F21) -> 15 | H22: =SUM(H5:H21) -> 24 | I22: =SUM(I5:I21) -> 94.452 | J22: =SUM(J5:J21) -> 79.2 | K22: =SUM(K5:K21) -> 173.652 | L22: =SUM(L5:L21) -> 94.452

Sheet Summary
A1: Cost summary — per person and per cohort
A3: Metric | B3: Value | C3: Formula basis
A4: Total lab hours per person | B4: ='Lab Costs'!E22 -> 36.5 | C4: Sum of lab durations
A5: Total GPU-hours per person (lab time only) | B5: ='Lab Costs'!F22 -> 15 | C5: Sum of per-lab GPU-hours
A6: Cluster hours per person (with overhead) | B6: ='Lab Costs'!H22 -> 24 | C6: GPU-hours × overhead factor
A7: Databricks — VM cost per person | B7: ='Lab Costs'!I22 -> 94.452 | C7: Azure VM charges
A8: Databricks — DBU cost per person | B8: ='Lab Costs'!J22 -> 79.2 | C8: UNVERIFIED DBU/hr input — see Sensitivity
A9: Databricks — storage/network allowance per person | B9: =Inputs!$B$18 -> 5 | C9: Inputs
A10: Databricks — TOTAL per person | B10: =B7+B8+B9 -> 178.652 | C10: VM + DBU + allowance
A11: Azure ML compute-instance alternative — per person (VM only) | B11: ='Lab Costs'!L22+Inputs!$B$18 -> 99.452 | C11: No DBU component
A12: Cohort total — Databricks | B12: =B10*Inputs!$B$17 -> 2143.824 | C12: × cohort size
A13: Cohort total — Azure ML | B13: =B11*Inputs!$B$17 -> 1193.424 | C13: × cohort size
A14: Spot-pricing sensitivity — Databricks VM cost per person at 30% of PAYG | B14: =B7*0.3 -> 28.3356 | C14: Spot for A100 SKUs has run ~$0.68–1.15/hr vs $3.67 PAYG; eviction risk unsuitable for live labs — reference only

Sheet Sensitivity
A1: Sensitivity of the per-person Databricks total to the unverified DBU/hr input
A3: DBU/hr assumed | B3: DBU cost per person ($) | C3: Databricks total per person ($) | D3: Cohort total ($)
A4: 0 | B4: ='Lab Costs'!H22*A4*Inputs!$B$12/Inputs!$B$16 -> 0 | C4: ='Lab Costs'!I22+B4+Inputs!$B$18 -> 99.452 | D4: =C4*Inputs!$B$17 -> 1193.424
A5: 2 | B5: ='Lab Costs'!H22*A5*Inputs!$B$12/Inputs!$B$16 -> 26.4 | C5: ='Lab Costs'!I22+B5+Inputs!$B$18 -> 125.852 | D5: =C5*Inputs!$B$17 -> 1510.224
A6: 4 | B6: ='Lab Costs'!H22*A6*Inputs!$B$12/Inputs!$B$16 -> 52.8 | C6: ='Lab Costs'!I22+B6+Inputs!$B$18 -> 152.252 | D6: =C6*Inputs!$B$17 -> 1827.024
A7: 6 | B7: ='Lab Costs'!H22*A7*Inputs!$B$12/Inputs!$B$16 -> 79.2 | C7: ='Lab Costs'!I22+B7+Inputs!$B$18 -> 178.652 | D7: =C7*Inputs!$B$17 -> 2143.824
A8: 8 | B8: ='Lab Costs'!H22*A8*Inputs!$B$12/Inputs!$B$16 -> 105.6 | C8: ='Lab Costs'!I22+B8+Inputs!$B$18 -> 205.052 | D8: =C8*Inputs!$B$17 -> 2460.624
A9: 10 | B9: ='Lab Costs'!H22*A9*Inputs!$B$12/Inputs!$B$16 -> 132 | C9: ='Lab Costs'!I22+B9+Inputs!$B$18 -> 231.452 | D9: =C9*Inputs!$B$17 -> 2777.424
A10: 12 | B10: ='Lab Costs'!H22*A10*Inputs!$B$12/Inputs!$B$16 -> 158.4 | C10: ='Lab Costs'!I22+B10+Inputs!$B$18 -> 257.852 | D10: =C10*Inputs!$B$17 -> 3094.224
A11: 15 | B11: ='Lab Costs'!H22*A11*Inputs!$B$12/Inputs!$B$16 -> 198 | C11: ='Lab Costs'!I22+B11+Inputs!$B$18 -> 297.452 | D11: =C11*Inputs!$B$17 -> 3569.424

Sheet Sources & Verification
A1: Item | B1: Status | C1: Source (checked 2026-09-06) | D1: Re-verify action
A2: NC24ads_A100_v4 $3.673/hr East US | B2: Verified (3 trackers agree) | C2: azurespeed.com, instances.vantage.sh, calculator.holori.com | D2: Azure pricing calculator, chosen region
A3: NC40ads_H100_v5 ≈$6.98/hr | B3: Approx (1 tracker) | C3: thundercompute.com Azure GPU guide, reviewed 1 Sep 2026 | D3: Azure pricing calculator
A4: NC96ads_A100_v4 ≈$14.69/hr; NC48ads ≈$7.35 | B4: Approx | C4: thundercompute.com / vantage.sh | D4: Azure pricing calculator
A5: NC4as_T4_v3 ≈$0.526/hr | B5: Approx | C5: thundercompute.com | D5: Azure pricing calculator
A6: All-Purpose Premium DBU ≈$0.55; Jobs ≈$0.15 | B6: Approx (several guides) | C6: lucentinnovation, doit.com, brilworks 2026 guides | D6: azure.microsoft.com/pricing/details/databricks
A7: DBU/hr for GPU VM types | B7: UNVERIFIED — placeholder | C7: Not published in any consulted source | D7: databricks.com/product/pricing/product-pricing/instance-types, or query system.billing.usage after a test run
A8: Overhead factor 1.6×, sharing 1, allowance $5 | B8: Trainer assumption | C8: — | D8: Measure on cohort 1 from system.billing.usage
A9: Databricks GPU instance support (NC A100 v4, NC H100 v5) | B9: Verified | C9: learn.microsoft.com/azure/databricks/compute/gpu | D9: Same page before delivery
